mess_count,http,https
1000,1.045892,1.467999
2000,2.198777,2.854602
4000,4.650576,5.708395
8000,8.915369,11.456909
16000,21.843128,22.788851
32000,45.862341,46.240504
